{
  "embedding_model": "OFA-Sys/chinese-clip-vit-base-patch16",
  "best_classifier": "linear_svm",
  "results": [
    {
      "name": "logistic_regression",
      "accuracy": 0.29545454545454547,
      "macro_f1": 0.23048699933945832,
      "weighted_f1": 0.2950275134701364,
      "classification_report": {
        "agreement": {
          "precision": 0.0,
          "recall": 0.0,
          "f1-score": 0.0,
          "support": 6.0
        },
        "celebration": {
          "precision": 0.5,
          "recall": 0.25,
          "f1-score": 0.3333333333333333,
          "support": 4.0
        },
        "comfort": {
          "precision": 0.16666666666666666,
          "recall": 0.16666666666666666,
          "f1-score": 0.16666666666666666,
          "support": 6.0
        },
        "confusion": {
          "precision": 0.14285714285714285,
          "recall": 0.16666666666666666,
          "f1-score": 0.15384615384615385,
          "support": 6.0
        },
        "mocking": {
          "precision": 0.4482758620689655,
          "recall": 0.40625,
          "f1-score": 0.4262295081967213,
          "support": 32.0
        },
        "neutral": {
          "precision": 0.23529411764705882,
          "recall": 0.3076923076923077,
          "f1-score": 0.26666666666666666,
          "support": 26.0
        },
        "refusal": {
          "precision": 0.2857142857142857,
          "recall": 0.25,
          "f1-score": 0.26666666666666666,
          "support": 8.0
        },
        "accuracy": 0.29545454545454547,
        "macro avg": {
          "precision": 0.2541154392791599,
          "recall": 0.22103937728937728,
          "f1-score": 0.23048699933945832,
          "support": 88.0
        },
        "weighted avg": {
          "precision": 0.3023333157714496,
          "recall": 0.29545454545454547,
          "f1-score": 0.2950275134701364,
          "support": 88.0
        }
      }
    },
    {
      "name": "linear_svm",
      "accuracy": 0.3181818181818182,
      "macro_f1": 0.24115559636418232,
      "weighted_f1": 0.3163070340808032,
      "classification_report": {
        "agreement": {
          "precision": 0.0,
          "recall": 0.0,
          "f1-score": 0.0,
          "support": 6.0
        },
        "celebration": {
          "precision": 0.25,
          "recall": 0.25,
          "f1-score": 0.25,
          "support": 4.0
        },
        "comfort": {
          "precision": 0.5,
          "recall": 0.3333333333333333,
          "f1-score": 0.4,
          "support": 6.0
        },
        "confusion": {
          "precision": 0.1,
          "recall": 0.16666666666666666,
          "f1-score": 0.125,
          "support": 6.0
        },
        "mocking": {
          "precision": 0.43333333333333335,
          "recall": 0.40625,
          "f1-score": 0.41935483870967744,
          "support": 32.0
        },
        "neutral": {
          "precision": 0.3225806451612903,
          "recall": 0.38461538461538464,
          "f1-score": 0.3508771929824561,
          "support": 26.0
        },
        "refusal": {
          "precision": 0.16666666666666666,
          "recall": 0.125,
          "f1-score": 0.14285714285714285,
          "support": 8.0
        },
        "accuracy": 0.3181818181818182,
        "macro avg": {
          "precision": 0.2532258064516129,
          "recall": 0.23798076923076922,
          "f1-score": 0.24115559636418232,
          "support": 88.0
        },
        "weighted avg": {
          "precision": 0.32030791788856305,
          "recall": 0.3181818181818182,
          "f1-score": 0.3163070340808032,
          "support": 88.0
        }
      }
    },
    {
      "name": "random_forest",
      "accuracy": 0.38636363636363635,
      "macro_f1": 0.1313864673018272,
      "weighted_f1": 0.30797966439379626,
      "classification_report": {
        "agreement": {
          "precision": 0.0,
          "recall": 0.0,
          "f1-score": 0.0,
          "support": 6.0
        },
        "celebration": {
          "precision": 0.0,
          "recall": 0.0,
          "f1-score": 0.0,
          "support": 4.0
        },
        "comfort": {
          "precision": 0.0,
          "recall": 0.0,
          "f1-score": 0.0,
          "support": 6.0
        },
        "confusion": {
          "precision": 0.0,
          "recall": 0.0,
          "f1-score": 0.0,
          "support": 6.0
        },
        "mocking": {
          "precision": 0.44680851063829785,
          "recall": 0.65625,
          "f1-score": 0.5316455696202531,
          "support": 32.0
        },
        "neutral": {
          "precision": 0.3170731707317073,
          "recall": 0.5,
          "f1-score": 0.3880597014925373,
          "support": 26.0
        },
        "refusal": {
          "precision": 0.0,
          "recall": 0.0,
          "f1-score": 0.0,
          "support": 8.0
        },
        "accuracy": 0.38636363636363635,
        "macro avg": {
          "precision": 0.1091259544814293,
          "recall": 0.16517857142857142,
          "f1-score": 0.1313864673018272,
          "support": 88.0
        },
        "weighted avg": {
          "precision": 0.25615653158465823,
          "recall": 0.38636363636363635,
          "f1-score": 0.30797966439379626,
          "support": 88.0
        }
      }
    },
    {
      "name": "knn",
      "accuracy": 0.2840909090909091,
      "macro_f1": 0.15363367569249922,
      "weighted_f1": 0.2625953159041394,
      "classification_report": {
        "agreement": {
          "precision": 0.0,
          "recall": 0.0,
          "f1-score": 0.0,
          "support": 6.0
        },
        "celebration": {
          "precision": 0.0,
          "recall": 0.0,
          "f1-score": 0.0,
          "support": 4.0
        },
        "comfort": {
          "precision": 0.3,
          "recall": 0.5,
          "f1-score": 0.375,
          "support": 6.0
        },
        "confusion": {
          "precision": 0.0,
          "recall": 0.0,
          "f1-score": 0.0,
          "support": 6.0
        },
        "mocking": {
          "precision": 0.4166666666666667,
          "recall": 0.46875,
          "f1-score": 0.4411764705882353,
          "support": 32.0
        },
        "neutral": {
          "precision": 0.25,
          "recall": 0.2692307692307692,
          "f1-score": 0.25925925925925924,
          "support": 26.0
        },
        "refusal": {
          "precision": 0.0,
          "recall": 0.0,
          "f1-score": 0.0,
          "support": 8.0
        },
        "accuracy": 0.2840909090909091,
        "macro avg": {
          "precision": 0.1380952380952381,
          "recall": 0.1768543956043956,
          "f1-score": 0.15363367569249922,
          "support": 88.0
        },
        "weighted avg": {
          "precision": 0.24583333333333332,
          "recall": 0.2840909090909091,
          "f1-score": 0.2625953159041394,
          "support": 88.0
        }
      }
    }
  ]
}